#Device,HMC8015,,,,,,,,,
#Device Name,Choker,,,,,,,,,
#Format,LOG,,,,,,,,,
#Date,20/02/2020,,,,,,,,,
#Version,01.403-02.430-03.730,,,,,,,,,
#Serial No.,31956603,,,,,,,,,
,,,,,,,,,,
#Mode,Duration,,,,,,,,,
#Logging Interval[s],0.1,,,,,,,,,
#Specified Logging Count,-----,,,,,,,,,
#Specified Logging Time[s],300,,,,,,,,,
,,,,,,,,,,
#Start Time,11:30:27,,,,,,,,,
#Stop Time,11:31:06,,,,,,,,,
,,,,,,,,,,
#Actual Count,395,,,,,,,,,
,,,,,,,,,,
URMS[V],IRMS[A],P[W],FPLL[Hz],URange[V],IRange[A],S[VA],Q[var],LAMBDA[],UTHD[%],Timestamp
0.019,2.42E-05,0.00E+00,nan,5,5.00E-03,nan,nan,nan,nan,30:27.0
0.0186,2.41E-05,0.00E+00,nan,5,5.00E-03,nan,nan,nan,nan,30:27.1
0.0185,2.42E-05,0.00E+00,nan,5,5.00E-03,nan,nan,nan,nan,30:27.2
0.0188,2.41E-05,0.00E+00,nan,5,5.00E-03,nan,nan,nan,nan,30:27.3
0.0194,2.42E-05,0.00E+00,nan,5,5.00E-03,nan,nan,nan,nan,30:27.4
0.0202,2.43E-05,0.00E+00,nan,5,5.00E-03,nan,nan,nan,nan,30:27.5
0.0204,2.43E-05,0.00E+00,nan,5,5.00E-03,nan,nan,nan,nan,30:27.6
0.02,2.42E-05,0.00E+00,nan,5,5.00E-03,nan,nan,nan,nan,30:27.7
0.0195,2.42E-05,0.00E+00,nan,5,5.00E-03,nan,nan,nan,nan,30:27.8
0.019,2.41E-05,0.00E+00,nan,5,5.00E-03,nan,nan,nan,nan,30:27.9
0.019,2.42E-05,0.00E+00,nan,5,5.00E-03,nan,nan,nan,nan,30:28.0
0.0189,2.42E-05,0.00E+00,nan,5,5.00E-03,nan,nan,nan,nan,30:28.1
0.0187,2.42E-05,0.00E+00,nan,5,5.00E-03,nan,nan,nan,nan,30:28.2
0.0187,2.42E-05,0.00E+00,nan,5,5.00E-03,nan,nan,nan,nan,30:28.3
0.0187,2.42E-05,0.00E+00,nan,5,5.00E-03,nan,nan,nan,nan,30:28.4
0.0191,2.42E-05,0.00E+00,nan,5,5.00E-03,nan,nan,nan,nan,30:28.5
0.0194,2.43E-05,0.00E+00,nan,5,5.00E-03,nan,nan,nan,nan,30:28.6
0.0196,2.42E-05,0.00E+00,nan,5,5.00E-03,nan,nan,nan,nan,30:28.7
0.0196,2.42E-05,0.00E+00,nan,5,5.00E-03,nan,nan,nan,nan,30:28.8
0.0195,2.42E-05,0.00E+00,nan,5,5.00E-03,nan,nan,nan,nan,30:28.9
0.0195,2.42E-05,0.00E+00,nan,5,5.00E-03,nan,nan,nan,nan,30:29.0
0.0195,2.42E-05,0.00E+00,nan,5,5.00E-03,nan,nan,nan,nan,30:29.1
0.0195,2.42E-05,0.00E+00,nan,5,5.00E-03,nan,nan,nan,nan,30:29.2
0.0193,2.42E-05,0.00E+00,nan,5,5.00E-03,nan,nan,nan,nan,30:29.3
0.0192,2.42E-05,0.00E+00,nan,5,5.00E-03,nan,nan,nan,nan,30:29.4
0.0194,2.42E-05,0.00E+00,nan,5,5.00E-03,nan,nan,nan,nan,30:29.5
0.0198,2.43E-05,0.00E+00,nan,5,5.00E-03,nan,nan,nan,nan,30:29.6
0.0203,2.44E-05,0.00E+00,nan,5,5.00E-03,nan,nan,nan,nan,30:29.7
0.0203,2.43E-05,0.00E+00,nan,5,5.00E-03,nan,nan,nan,nan,30:29.8
0.02,2.43E-05,0.00E+00,nan,5,5.00E-03,nan,nan,nan,nan,30:29.9
0.0194,2.42E-05,0.00E+00,nan,5,5.00E-03,nan,nan,nan,nan,30:30.0
0.0193,2.42E-05,0.00E+00,nan,5,5.00E-03,nan,nan,nan,nan,30:30.1
0.0191,2.42E-05,0.00E+00,nan,5,5.00E-03,nan,nan,nan,nan,30:30.2
0.0189,2.41E-05,0.00E+00,nan,5,5.00E-03,nan,nan,nan,nan,30:30.3
0.0183,2.41E-05,0.00E+00,nan,5,5.00E-03,nan,nan,nan,nan,30:30.4
0.0179,2.41E-05,0.00E+00,nan,5,5.00E-03,nan,nan,nan,nan,30:30.5
0.0176,2.41E-05,0.00E+00,nan,5,5.00E-03,nan,nan,nan,nan,30:30.6
0.0181,2.41E-05,0.00E+00,nan,5,5.00E-03,nan,nan,nan,nan,30:30.7
0.0191,2.42E-05,0.00E+00,nan,5,5.00E-03,nan,nan,nan,nan,30:30.8
0.0196,2.43E-05,0.00E+00,nan,5,5.00E-03,nan,nan,nan,nan,30:30.9
0.0198,2.42E-05,0.00E+00,nan,5,5.00E-03,nan,nan,nan,nan,30:31.0
0.0199,2.42E-05,0.00E+00,nan,5,5.00E-03,nan,nan,nan,nan,30:31.1
0.0195,2.41E-05,0.00E+00,nan,5,5.00E-03,nan,nan,nan,nan,30:31.2
0.0192,2.40E-05,0.00E+00,nan,5,5.00E-03,nan,nan,nan,nan,30:31.3
0.019,2.40E-05,0.00E+00,nan,5,5.00E-03,nan,nan,nan,nan,30:31.4
0.0187,2.40E-05,0.00E+00,nan,5,5.00E-03,nan,nan,nan,nan,30:31.5
0.0185,2.39E-05,0.00E+00,nan,5,5.00E-03,nan,nan,nan,nan,30:31.6
0.0185,2.40E-05,0.00E+00,nan,5,5.00E-03,nan,nan,nan,nan,30:31.7
0.0187,2.40E-05,0.00E+00,nan,5,5.00E-03,nan,nan,nan,nan,30:31.8
0.0191,2.40E-05,0.00E+00,nan,5,5.00E-03,nan,nan,nan,nan,30:31.9
0.0195,2.41E-05,0.00E+00,nan,5,5.00E-03,nan,nan,nan,nan,30:32.0
0.0198,2.42E-05,0.00E+00,nan,5,5.00E-03,nan,nan,nan,nan,30:32.1
0.0198,2.41E-05,0.00E+00,nan,5,5.00E-03,nan,nan,nan,nan,30:32.2
0.0199,2.41E-05,0.00E+00,nan,5,5.00E-03,nan,nan,nan,nan,30:32.3
0.0201,2.41E-05,0.00E+00,nan,5,5.00E-03,nan,nan,nan,nan,30:32.4
0.0211,2.42E-05,0.00E+00,nan,5,5.00E-03,nan,nan,nan,nan,30:32.5
0.0212,2.42E-05,0.00E+00,nan,5,5.00E-03,nan,nan,nan,nan,30:32.6
0.0209,2.42E-05,0.00E+00,nan,5,5.00E-03,nan,nan,nan,nan,30:32.7
0.0204,2.42E-05,0.00E+00,nan,5,5.00E-03,nan,nan,nan,nan,30:32.8
0.02,2.41E-05,0.00E+00,nan,5,5.00E-03,nan,nan,nan,nan,30:32.9
0.0199,2.41E-05,0.00E+00,nan,5,5.00E-03,nan,nan,nan,nan,30:33.0
0.0199,2.42E-05,0.00E+00,nan,5,5.00E-03,nan,nan,nan,nan,30:33.1
0.02,2.42E-05,0.00E+00,nan,5,5.00E-03,nan,nan,nan,nan,30:33.2
0.0197,2.42E-05,0.00E+00,nan,5,5.00E-03,nan,nan,nan,nan,30:33.3
0.0196,2.40E-05,0.00E+00,nan,5,5.00E-03,nan,nan,nan,nan,30:33.4
0.0196,2.41E-05,0.00E+00,nan,5,5.00E-03,nan,nan,nan,nan,30:33.5
0.0201,2.41E-05,0.00E+00,nan,5,5.00E-03,nan,nan,nan,nan,30:33.6
0.0204,2.42E-05,0.00E+00,nan,5,5.00E-03,nan,nan,nan,nan,30:33.7
0.0202,2.42E-05,0.00E+00,nan,5,5.00E-03,nan,nan,nan,nan,30:33.8
0.0197,2.41E-05,0.00E+00,nan,5,5.00E-03,nan,nan,nan,nan,30:33.9
0.0191,2.40E-05,0.00E+00,nan,5,5.00E-03,nan,nan,nan,nan,30:34.0
0.0189,2.40E-05,0.00E+00,nan,5,5.00E-03,nan,nan,nan,nan,30:34.1
0.0192,2.41E-05,0.00E+00,nan,5,5.00E-03,nan,nan,nan,nan,30:34.2
0.0195,2.42E-05,0.00E+00,nan,5,5.00E-03,nan,nan,nan,nan,30:34.3
0.0198,2.42E-05,0.00E+00,nan,5,5.00E-03,nan,nan,nan,nan,30:34.4
0.0214,2.45E-05,0.00E+00,nan,5,5.00E-03,nan,nan,nan,nan,30:34.5
0.0201,2.42E-05,0.00E+00,nan,5,5.00E-03,nan,nan,nan,nan,30:34.6
0.0202,2.42E-05,0.00E+00,nan,5,5.00E-03,nan,nan,nan,nan,30:34.7
0.0203,2.42E-05,0.00E+00,nan,5,5.00E-03,nan,nan,nan,nan,30:34.8
0.0204,2.42E-05,0.00E+00,nan,5,5.00E-03,nan,nan,nan,nan,30:34.9
0.0204,2.42E-05,0.00E+00,nan,5,5.00E-03,nan,nan,nan,nan,30:35.0
0.0206,2.42E-05,0.00E+00,nan,5,5.00E-03,nan,nan,nan,nan,30:35.1
0.0209,2.43E-05,0.00E+00,nan,5,5.00E-03,nan,nan,nan,nan,30:35.2
0.0214,2.43E-05,0.00E+00,nan,5,5.00E-03,nan,nan,nan,nan,30:35.3
0.0214,2.42E-05,0.00E+00,nan,5,5.00E-03,nan,nan,nan,nan,30:35.4
0.0499,2.41E-05,0.00E+00,nan,5,5.00E-03,nan,nan,nan,nan,30:35.5
0.0144,2.36E-05,0.00E+00,nan,5,5.00E-03,nan,nan,nan,nan,30:35.6
0.0141,2.36E-05,0.00E+00,nan,5,5.00E-03,nan,nan,nan,nan,30:35.7
0.0135,2.36E-05,0.00E+00,nan,5,5.00E-03,nan,nan,nan,nan,30:35.8
0.0132,2.36E-05,0.00E+00,nan,5,5.00E-03,nan,nan,nan,nan,30:35.9
0.0132,2.37E-05,0.00E+00,nan,5,5.00E-03,nan,nan,nan,nan,30:36.0
0.0133,2.37E-05,0.00E+00,nan,5,5.00E-03,nan,nan,nan,nan,30:36.1
0.0132,2.37E-05,0.00E+00,nan,5,5.00E-03,nan,nan,nan,nan,30:36.2
0.0133,2.37E-05,0.00E+00,nan,5,5.00E-03,nan,nan,nan,nan,30:36.3
0.0131,2.37E-05,0.00E+00,nan,5,5.00E-03,nan,nan,nan,nan,30:36.4
0.0127,2.37E-05,0.00E+00,nan,5,5.00E-03,nan,nan,nan,nan,30:36.5
inf,inf,inf,nan,5,5.00E-03,inf,inf,inf,nan,30:36.6
nan,nan,nan,nan,30,2.00E-02,nan,nan,nan,nan,30:36.7
nan,nan,nan,nan,30,2.00E-02,nan,nan,nan,nan,30:36.8
nan,nan,nan,nan,30,2.00E-02,nan,nan,nan,nan,30:36.9
0.539,inf,inf,nan,30,2.00E-02,inf,inf,inf,nan,30:37.0
nan,nan,nan,nan,30,1.00E-01,nan,nan,nan,nan,30:37.1
nan,nan,nan,nan,30,1.00E-01,nan,nan,nan,nan,30:37.2
nan,nan,nan,nan,30,1.00E-01,nan,nan,nan,nan,30:37.3
0.537,1.81E-01,-0.0072,nan,30,1.00E-01,nan,nan,nan,nan,30:37.4
nan,nan,nan,nan,30,2.00E-01,nan,nan,nan,nan,30:37.5
nan,nan,nan,nan,5,2.00E-01,nan,nan,nan,nan,30:37.6
nan,nan,nan,nan,5,2.00E-01,nan,nan,nan,nan,30:37.7
nan,nan,nan,nan,5,2.00E-01,nan,nan,nan,nan,30:37.8
0.4188,1.43E-01,-0.0062,50.279,5,2.00E-01,0.0598,0.0595,0.103,8.76,30:37.9
0.4335,1.45E-01,-0.0036,9.09E+04,5,2.00E-01,0.0628,0.0627,0.057,nan,30:38.0
0.2921,9.78E-02,-0.0044,127.84,5,2.00E-01,0.0286,0.0282,0.155,850.88,30:38.1
0.2921,9.78E-02,-0.0044,96.623,5,2.00E-01,0.0286,0.0282,0.155,40.68,30:38.2
1.4245,4.78E-01,-0.0722,101.13,5,2.00E-01,0.681,0.6772,0.106,6.61,30:38.3
nan,nan,nan,nan,5,5.00E-01,nan,nan,nan,nan,30:38.4
nan,nan,nan,nan,5,5.00E-01,nan,nan,nan,nan,30:38.5
nan,nan,nan,nan,5,5.00E-01,nan,nan,nan,nan,30:38.6
3.1198,1.04E+00,-0.2397,49.943,5,5.00E-01,3.2572,3.2484,0.074,4.35,30:38.7
nan,nan,nan,nan,5,1,nan,nan,nan,nan,30:38.8
nan,nan,nan,nan,5,1,nan,nan,nan,nan,30:38.9
nan,nan,nan,nan,5,1,nan,nan,nan,nan,30:39.0
3.1795,1.0633,-0.2511,49.884,5,1,3.3806,3.3713,0.074,2.52,30:39.1
3.1694,1.0599,-0.2488,49.885,5,1,3.3592,3.35,0.074,2.24,30:39.2
3.1887,1.0623,-0.4154,49.887,5,1,3.3874,3.3619,0.123,2.17,30:39.3
3.1836,1.0641,-0.2522,49.891,5,1,3.3876,3.3782,0.074,2.02,30:39.4
3.1783,1.0625,-0.2487,49.891,5,1,3.377,3.3678,0.074,2.23,30:39.5
3.164,1.0582,-0.2526,49.883,5,1,3.3481,3.3386,0.075,2.26,30:39.6
3.1673,1.0587,-0.249,49.88,5,1,3.3533,3.344,0.074,2.19,30:39.7
3.1717,1.0604,-0.2503,49.887,5,1,3.3631,3.3538,0.074,2.07,30:39.8
3.1654,1.0579,-0.2468,49.892,5,1,3.3486,3.3395,0.074,2.39,30:39.9
3.115,1.0412,-0.2399,49.891,5,1,3.2434,3.2346,0.074,3.27,30:40.0
3.2852,1.1015,-0.3082,49.881,5,1,3.6186,3.6054,0.085,4.18,30:40.1
4.0085,1.3401,-0.3893,5.04E+04,5,1,5.3717,5.3575,0.072,nan,30:40.2
nan,nan,nan,nan,5,2,nan,nan,nan,nan,30:40.3
nan,nan,nan,nan,5,2,nan,nan,nan,nan,30:40.4
nan,nan,nan,nan,5,2,nan,nan,nan,nan,30:40.5
5.2508,1.7556,-0.658,49.845,5,2,9.218,9.195,0.071,1.96,30:40.6
5.2749,1.7623,-0.708,49.845,5,2,9.296,9.269,0.076,2.15,30:40.7
5.6983,1.8768,-0.907,49.854,5,2,10.694,10.656,0.085,2.21,30:40.8
6.4159,2.1382,-1.168,49.869,5,2,13.719,13.669,0.085,1.75,30:40.9
nan,nan,nan,nan,15,2,nan,nan,nan,nan,30:41.0
nan,nan,nan,nan,15,2,nan,nan,nan,nan,30:41.1
nan,nan,nan,nan,15,2,nan,nan,nan,nan,30:41.2
6.874,2.2947,-1.155,49.882,15,2,15.774,15.732,0.073,2.29,30:41.3
7.338,2.4516,-1.425,49.888,15,2,17.99,17.933,0.079,2.37,30:41.4
nan,nan,nan,nan,15,5,nan,nan,nan,nan,30:41.5
nan,nan,nan,nan,15,5,nan,nan,nan,nan,30:41.6
nan,nan,nan,nan,15,5,nan,nan,nan,nan,30:41.7
7.781,2.5963,-1.475,49.905,15,5,20.201,20.147,0.073,1.59,30:41.8
7.784,2.5945,-1.537,49.901,15,5,20.196,20.138,0.076,1.54,30:41.9
8.279,2.6744,-2.174,49.899,15,5,22.14,22.033,0.098,1.98,30:42.0
8.151,2.7196,-1.63,49.892,15,5,22.168,22.108,0.074,1.83,30:42.1
8.897,2.9722,-2.265,49.908,15,5,26.445,26.348,0.086,1.82,30:42.2
9.402,3.1368,-2.13,49.912,15,5,29.492,29.415,0.072,1.47,30:42.3
9.403,3.1361,-2.164,49.907,15,5,29.488,29.409,0.073,1.44,30:42.4
9.424,3.1437,-2.173,49.902,15,5,29.626,29.546,0.073,1.54,30:42.5
9.478,3.1622,-2.205,49.895,15,5,29.971,29.89,0.074,1.53,30:42.6
9.48,3.1616,-2.199,49.899,15,5,29.974,29.893,0.073,1.58,30:42.7
9.5,3.1654,-2.256,49.918,15,5,30.072,29.987,0.075,1.5,30:42.8
9.866,3.2915,-2.4,49.916,15,5,32.475,32.386,0.074,1.53,30:42.9
10.151,3.3889,-2.639,49.909,15,5,34.402,34.301,0.077,1.99,30:43.0
10.289,3.4314,-2.591,49.915,15,5,35.304,35.209,0.073,1.47,30:43.1
10.285,3.4304,-2.574,49.897,15,5,35.282,35.188,0.073,1.42,30:43.2
10.283,3.43,-2.58,49.892,15,5,35.271,35.176,0.073,1.38,30:43.3
10.632,3.5447,-3.02,49.905,15,5,37.687,37.566,0.08,1.56,30:43.4
11.104,3.7029,-2.988,49.907,15,5,41.115,41.006,0.073,1.45,30:43.5
11.091,3.6991,-3.002,49.91,15,5,41.029,40.919,0.073,1.4,30:43.6
11.09,3.6995,-2.988,49.908,15,5,41.028,40.919,0.073,1.49,30:43.7
11.11,3.7066,-3.029,49.89,15,5,41.181,41.07,0.074,1.41,30:43.8
11.668,3.8892,-3.574,49.881,15,5,45.381,45.24,0.079,1.97,30:43.9
11.886,3.9642,-3.453,49.888,15,5,47.117,46.991,0.073,1.41,30:44.0
11.886,3.9637,-3.451,49.889,15,5,47.113,46.986,0.073,1.63,30:44.1
11.893,3.9658,-3.428,49.891,15,5,47.164,47.039,0.073,1.72,30:44.2
12.205,4.0691,-3.658,49.897,15,5,49.662,49.527,0.074,1.57,30:44.3
12.299,4.1024,-3.679,49.883,15,5,50.455,50.321,0.073,1.56,30:44.4
12.634,4.2195,-4.046,49.882,15,5,53.31,53.157,0.076,1.95,30:44.5
12.781,4.2621,-3.99,49.879,15,5,54.476,54.329,0.073,1.42,30:44.6
12.774,4.2598,-3.978,49.881,15,5,54.416,54.271,0.073,1.39,30:44.7
12.778,4.261,-3.978,49.879,15,5,54.446,54.3,0.073,1.39,30:44.8
12.776,4.2605,-3.962,49.888,15,5,54.43,54.286,0.073,1.41,30:44.9
13.158,4.3855,-4.441,49.885,15,5,57.702,57.531,0.077,1.64,30:45.0
13.549,4.5181,-4.472,49.882,15,5,61.216,61.052,0.073,1.51,30:45.1
13.512,4.5057,-4.435,49.878,15,5,60.883,60.721,0.073,1.52,30:45.2
13.578,4.5279,-4.644,49.863,15,5,61.48,61.304,0.076,1.71,30:45.3
14.352,4.7865,-5.198,49.863,15,5,68.698,68.501,0.076,1.37,30:45.4
14.373,4.7932,-5.037,49.863,15,5,68.895,68.711,0.073,1.41,30:45.5
14.378,4.7949,-5.04,49.863,15,5,68.943,68.759,0.073,1.38,30:45.6
14.385,4.7977,-5.034,49.862,15,5,69.016,68.832,0.073,1.51,30:45.7
14.488,4.8247,-5.268,49.857,15,5,69.902,69.704,0.075,1.76,30:45.8
14.882,4.9602,-5.263,49.859,15,5,73.816,73.628,0.071,1.52,30:45.9
14.76,4.9228,-5.328,49.86,15,5,72.658,72.463,0.073,1.45,30:46.0
14.774,4.9265,-5.314,49.863,15,5,72.783,72.589,0.073,1.41,30:46.1
14.771,4.9258,-5.321,49.864,15,5,72.756,72.562,0.073,1.41,30:46.2
14.779,4.9281,-5.314,49.876,15,5,72.831,72.637,0.073,1.43,30:46.3
14.769,4.9249,-5.308,49.875,15,5,72.736,72.543,0.073,1.51,30:46.4
14.768,4.9243,-5.31,49.876,15,5,72.724,72.53,0.073,1.48,30:46.5
14.901,4.9706,-5.491,49.877,15,5,74.066,73.863,0.074,1.45,30:46.6
15.053,5.0193,-5.524,49.878,15,5,75.556,75.353,0.073,1.48,30:46.7
15.076,5.027,-5.568,49.882,15,5,75.787,75.582,0.073,1.41,30:46.8
15.133,5.0447,-5.556,49.882,15,5,76.34,76.138,0.073,1.57,30:46.9
15.273,5.09,-5.846,49.885,15,5,77.739,77.519,0.075,1.52,30:47.0
15.954,5.3195,-6.139,49.888,15,5,84.868,84.646,0.072,1.46,30:47.1
16.237,5.4148,-6.783,49.87,15,5,87.921,87.659,0.077,1.49,30:47.2
16.74,5.5798,-6.765,49.872,15,5,93.406,93.161,0.072,1.56,30:47.3
16.975,5.6589,-7.403,49.87,15,5,96.061,95.775,0.077,1.45,30:47.4
17.532,5.8474,-7.517,49.867,15,5,102.516,102.24,0.073,1.44,30:47.5
17.565,5.8574,-7.521,49.869,15,5,102.883,102.608,0.073,1.32,30:47.6
17.558,5.855,-7.498,49.868,15,5,102.804,102.53,0.073,1.38,30:47.7
17.569,5.8595,-7.521,49.871,15,5,102.946,102.671,0.073,1.36,30:47.8
17.972,5.9928,-8.203,49.872,15,5,107.704,107.391,0.076,1.41,30:47.9
18.338,6.1146,-8.199,49.871,15,5,112.129,111.829,0.073,1.48,30:48.0
nan,nan,nan,nan,30,10,nan,nan,nan,nan,30:48.1
nan,nan,nan,nan,30,10,nan,nan,nan,nan,30:48.2
nan,nan,nan,nan,30,10,nan,nan,nan,nan,30:48.3
19.11,6.372,-8.89,49.897,30,10,121.76,121.44,0.073,1.56,30:48.4
19.508,6.508,-9.34,49.905,30,10,126.97,126.62,0.074,1.48,30:48.5
19.533,6.513,-9.32,49.902,30,10,127.22,126.88,0.073,1.47,30:48.6
19.941,6.65,-9.67,49.901,30,10,132.61,132.25,0.073,1.53,30:48.7
19.949,6.652,-9.7,49.898,30,10,132.7,132.34,0.073,1.56,30:48.8
19.963,6.657,-9.73,49.896,30,10,132.9,132.54,0.073,1.49,30:48.9
19.957,6.654,-9.71,49.911,30,10,132.8,132.45,0.073,1.45,30:49.0
20.71,6.907,-10.5,49.9,30,10,143.04,142.65,0.073,1.44,30:49.1
20.714,6.907,-10.48,49.899,30,10,143.08,142.69,0.073,1.42,30:49.2
20.733,6.909,-10.62,49.907,30,10,143.25,142.85,0.074,1.5,30:49.3
21.069,7.025,-10.85,49.896,30,10,148.02,147.62,0.073,1.56,30:49.4
21.509,7.169,-11.22,49.89,30,10,154.2,153.79,0.073,1.48,30:49.5
21.569,7.192,-11.9,49.884,30,10,155.12,154.66,0.077,1.57,30:49.6
22.268,7.427,-12.02,49.886,30,10,165.39,164.95,0.073,1.43,30:49.7
22.279,7.43,-12.1,49.887,30,10,165.53,165.08,0.073,1.46,30:49.8
22.888,7.635,-12.98,49.885,30,10,174.75,174.27,0.074,1.59,30:49.9
23.015,7.676,-12.95,49.867,30,10,176.67,176.19,0.073,1.46,30:50.0
23.035,7.682,-12.95,49.866,30,10,176.96,176.48,0.073,1.51,30:50.1
23.016,7.674,-12.91,49.864,30,10,176.63,176.16,0.073,1.49,30:50.2
22.997,7.668,-12.84,49.856,30,10,176.34,175.87,0.073,1.42,30:50.3
23.601,7.87,-14.16,49.866,30,10,185.74,185.2,0.076,1.44,30:50.4
23.775,7.929,-13.77,49.866,30,10,188.51,188.01,0.073,1.41,30:50.5
23.791,7.934,-13.8,49.878,30,10,188.75,188.24,0.073,1.35,30:50.6
24.561,8.191,-14.81,49.877,30,10,201.18,200.63,0.074,1.36,30:50.7
24.575,8.196,-14.74,49.877,30,10,201.41,200.87,0.073,1.4,30:50.8
24.587,8.201,-14.75,49.879,30,10,201.63,201.09,0.073,1.39,30:50.9
24.553,8.186,-14.62,49.875,30,10,200.99,200.46,0.073,1.39,30:51.0
25.328,8.447,-15.66,49.875,30,10,213.94,213.37,0.073,1.38,30:51.1
25.352,8.449,-16.08,49.882,30,10,214.21,213.6,0.075,1.39,30:51.2
26.05,8.693,-16.73,49.881,30,10,226.45,225.83,0.074,1.4,30:51.3
26.106,8.706,-16.63,49.881,30,10,227.29,226.68,0.073,1.41,30:51.4
26.099,8.705,-16.63,49.88,30,10,227.18,226.57,0.073,1.41,30:51.5
26.127,8.707,-17.02,49.884,30,10,227.5,226.86,0.075,1.5,30:51.6
26.782,8.936,-17.66,49.883,30,10,239.33,238.68,0.074,1.49,30:51.7
26.845,8.952,-17.56,49.883,30,10,240.31,239.67,0.073,1.44,30:51.8
26.832,8.949,-17.64,49.884,30,10,240.11,239.46,0.073,1.44,30:51.9
27.555,9.189,-18.7,49.887,30,10,253.21,252.52,0.074,1.44,30:52.0
27.569,9.194,-18.53,49.888,30,10,253.47,252.79,0.073,1.48,30:52.1
27.543,9.185,-18.53,49.881,30,10,252.99,252.31,0.073,1.52,30:52.2
27.651,9.219,-19.2,49.879,30,10,254.91,254.19,0.075,1.52,30:52.3
28.348,9.454,-19.63,49.879,30,10,268.01,267.29,0.073,1.5,30:52.4
28.314,9.442,-19.58,49.88,30,10,267.34,266.62,0.073,1.56,30:52.5
28.348,9.453,-19.78,49.872,30,10,267.97,267.24,0.074,1.54,30:52.6
28.723,9.581,-20.45,49.873,30,10,275.19,274.43,0.074,1.48,30:52.7
29.068,9.695,-20.71,49.872,30,10,281.81,281.04,0.073,1.44,30:52.8
29.115,9.712,-20.77,49.869,30,10,282.76,281.99,0.073,1.47,30:52.9
29.144,9.72,-20.77,49.87,30,10,283.28,282.52,0.073,1.49,30:53.0
29.147,9.72,-20.75,49.87,30,10,283.32,282.56,0.073,1.49,30:53.1
29.147,9.721,-20.76,49.87,30,10,283.34,282.58,0.073,1.54,30:53.2
29.137,9.717,-20.74,49.873,30,10,283.12,282.36,0.073,1.5,30:53.3
29.107,9.706,-20.67,49.873,30,10,282.52,281.76,0.073,1.5,30:53.4
29.116,9.712,-20.74,49.872,30,10,282.78,282.01,0.073,1.46,30:53.5
29.123,9.713,-20.73,49.871,30,10,282.89,282.13,0.073,1.44,30:53.6
29.082,9.7,-20.66,49.869,30,10,282.08,281.32,0.073,1.5,30:53.7
29.136,9.718,-20.9,49.867,30,10,283.13,282.36,0.074,1.59,30:53.8
29.395,9.804,-21.21,49.87,30,10,288.19,287.4,0.074,1.53,30:53.9
29.418,9.811,-21.16,49.87,30,10,288.61,287.83,0.073,1.52,30:54.0
29.413,9.809,-21.12,49.871,30,10,288.53,287.75,0.073,1.49,30:54.1
29.401,9.806,-21.13,49.872,30,10,288.32,287.54,0.073,1.44,30:54.2
29.414,9.81,-21.15,49.872,30,10,288.55,287.77,0.073,1.43,30:54.3
29.435,9.817,-21.2,49.871,30,10,288.97,288.19,0.073,1.45,30:54.4
29.457,9.824,-21.21,49.873,30,10,289.38,288.6,0.073,1.54,30:54.5
29.46,9.826,-21.21,49.875,30,10,289.46,288.69,0.073,1.5,30:54.6
29.469,9.828,-21.26,49.877,30,10,289.62,288.84,0.073,1.54,30:54.7
29.767,9.925,-21.81,49.877,30,10,295.45,294.64,0.074,1.5,30:54.8
29.836,9.95,-21.74,49.875,30,10,296.87,296.07,0.073,1.47,30:54.9
29.847,9.954,-21.76,49.873,30,10,297.11,296.31,0.073,1.45,30:55.0
29.891,9.965,-22.03,49.872,30,10,297.86,297.05,0.074,1.45,30:55.1
30.196,10.07,-22.28,49.871,30,10,304.08,303.27,0.073,1.5,30:55.2
30.217,10.079,-22.34,49.869,30,10,304.56,303.74,0.073,1.53,30:55.3
30.238,10.084,-22.36,49.869,30,10,304.92,304.1,0.073,1.52,30:55.4
30.241,10.086,-22.35,49.868,30,10,305,304.18,0.073,1.51,30:55.5
30.237,10.086,-22.38,49.868,30,10,304.96,304.14,0.073,1.46,30:55.6
30.234,10.084,-22.33,49.868,30,10,304.88,304.07,0.073,1.43,30:55.7
30.242,10.086,-22.35,49.869,30,10,305,304.18,0.073,1.44,30:55.8
30.244,10.087,-22.34,49.869,30,10,305.06,304.24,0.073,1.44,30:55.9
29.723,9.918,-21.06,49.872,30,10,294.79,294.04,0.071,1.49,30:56.0
29.083,9.698,-20.39,49.872,30,10,282.03,281.29,0.072,1.57,30:56.1
28.81,9.606,-20.02,49.874,30,10,276.75,276.02,0.072,1.55,30:56.2
28.364,9.46,-19.15,49.876,30,10,268.33,267.65,0.071,1.59,30:56.3
26.354,8.787,-16.1,49.877,30,10,231.57,231.01,0.07,1.42,30:56.4
25.026,8.348,-14.41,49.893,30,10,208.92,208.42,0.069,1.81,30:56.5
23.716,7.918,-12.93,49.886,30,10,187.77,187.33,0.069,1.45,30:56.6
22.615,7.539,-11.63,49.887,30,10,170.5,170.1,0.068,1.8,30:56.7
19.466,6.492,-8.78,49.905,30,10,126.38,126.07,0.069,1.91,30:56.8
18.466,6.161,-7.93,49.912,30,10,113.77,113.49,0.07,1.58,30:56.9
17.498,5.84,-6.65,49.893,30,10,102.19,101.97,0.065,2.07,30:57.0
16.443,5.482,-6.39,49.873,30,10,90.14,89.91,0.071,1.72,30:57.1
13.965,4.66,-4.3,49.893,30,10,65.07,64.93,0.066,1.62,30:57.2
12.735,4.244,-3.53,49.9,30,10,54.05,53.94,0.065,1.85,30:57.3
11.352,3.793,-2.72,49.897,30,10,43.06,42.97,0.063,1.77,30:57.4
9.763,3.262,-1.83,50.244,30,10,31.85,31.79,0.057,2.91,30:57.5
7.325,2.449,-1.01,50.32,30,10,17.94,17.91,0.056,3.87,30:57.6
5.837,1.951,-0.64,49.452,30,10,11.39,11.37,0.056,5.9,30:57.7
4.795,1.6,-0.45,50.678,30,10,7.67,7.66,0.059,4.6,30:57.8
3.621,1.211,-0.19,49.963,30,10,4.39,4.38,0.043,7.12,30:57.9
2.198,0.73,-0.03,47.289,30,10,1.6,1.6,0.02,16.41,30:58.0
2.198,0.73,-0.03,47.289,30,10,1.6,1.6,0.02,16.41,30:58.1
nan,nan,nan,nan,5,1,nan,nan,nan,nan,30:58.2
nan,nan,nan,nan,5,1,nan,nan,nan,nan,30:58.3
nan,nan,nan,nan,5,1,nan,nan,nan,nan,30:58.4
0.6876,0.232,-0.0121,49.829,5,1,0.1595,0.1591,0.076,313.75,30:58.5
0.6812,0.2299,-0.0119,49.86,5,1,0.1566,0.1561,0.076,3.77,30:58.6
0.6694,0.2336,-0.0194,49.833,5,1,0.1564,0.1552,0.124,2.91,30:58.7
inf,0.2743,inf,1.57E+04,5,1,inf,inf,inf,nan,30:58.8
nan,nan,nan,nan,30,1,nan,nan,nan,nan,30:58.9
nan,nan,nan,nan,30,1,nan,nan,nan,nan,30:59.0
nan,nan,nan,nan,30,1,nan,nan,nan,nan,30:59.1
nan,nan,nan,nan,30,5.00E-01,nan,nan,nan,nan,30:59.2
nan,nan,nan,nan,30,5.00E-01,nan,nan,nan,nan,30:59.3
nan,nan,nan,nan,30,5.00E-01,nan,nan,nan,nan,30:59.4
35.187,1.38E-01,-1.13,1.57E+04,30,5.00E-01,4.865,4.732,0.232,nan,30:59.5
35.187,1.38E-01,-1.13,1.57E+04,30,5.00E-01,4.865,4.732,0.232,nan,30:59.6
0.81,1.95E-02,0.009,1.57E+04,30,5.00E-01,0.016,0.013,0.595,nan,30:59.7
0.81,1.95E-02,0.009,1.57E+04,30,5.00E-01,0.016,0.013,0.595,nan,30:59.8
0.81,1.95E-02,0.009,1.57E+04,30,5.00E-01,0.016,0.013,0.595,nan,30:59.9
0.81,1.95E-02,0.009,1.57E+04,30,5.00E-01,0.016,0.013,0.595,nan,31:00.0
0.81,1.95E-02,0.009,1.57E+04,30,5.00E-01,0.016,0.013,0.595,nan,31:00.1
nan,nan,nan,nan,30,5.00E-02,nan,nan,nan,nan,31:00.2
nan,nan,nan,nan,30,5.00E-02,nan,nan,nan,nan,31:00.3
nan,nan,nan,nan,30,5.00E-02,nan,nan,nan,nan,31:00.4
nan,nan,nan,nan,5,5.00E-02,nan,nan,nan,nan,31:00.5
nan,nan,nan,nan,5,5.00E-02,nan,nan,nan,nan,31:00.6
nan,nan,nan,nan,5,5.00E-02,nan,nan,nan,nan,31:00.7
0.02,3.60E-05,0.00E+00,nan,5,5.00E-02,nan,nan,nan,nan,31:00.8
0.0198,3.60E-05,0.00E+00,nan,5,5.00E-02,nan,nan,nan,nan,31:00.9
0.0194,3.50E-05,0.00E+00,nan,5,5.00E-02,nan,nan,nan,nan,31:01.0
0.0188,3.50E-05,0.00E+00,nan,5,5.00E-02,nan,nan,nan,nan,31:01.1
nan,nan,nan,nan,5,5.00E-03,nan,nan,nan,nan,31:01.2
nan,nan,nan,nan,5,5.00E-03,nan,nan,nan,nan,31:01.3
nan,nan,nan,nan,5,5.00E-03,nan,nan,nan,nan,31:01.4
nan,nan,nan,1.52E+04,5,5.00E-03,nan,nan,nan,nan,31:01.5
0.019,2.91E-05,0.00E+00,1.52E+04,5,5.00E-03,1.00E-06,1.00E-06,0.172,nan,31:01.6
0.0638,9.71E-05,-1.00E-06,1.52E+04,5,5.00E-03,6.00E-06,6.00E-06,0.149,nan,31:01.7
0.0638,9.71E-05,-1.00E-06,1.52E+04,5,5.00E-03,6.00E-06,6.00E-06,0.149,nan,31:01.8
0.0638,9.71E-05,-1.00E-06,1.52E+04,5,5.00E-03,6.00E-06,6.00E-06,0.149,nan,31:01.9
0.0638,9.71E-05,-1.00E-06,1.52E+04,5,5.00E-03,6.00E-06,6.00E-06,0.149,nan,31:02.0
0.0638,9.71E-05,-1.00E-06,1.52E+04,5,5.00E-03,6.00E-06,6.00E-06,0.149,nan,31:02.1
0.0638,9.71E-05,-1.00E-06,1.52E+04,5,5.00E-03,6.00E-06,6.00E-06,0.149,nan,31:02.2
nan,nan,nan,nan,5,5.00E-03,nan,nan,nan,nan,31:02.3
nan,nan,nan,nan,5,5.00E-03,nan,nan,nan,nan,31:02.4
nan,nan,nan,nan,5,5.00E-03,nan,nan,nan,nan,31:02.5
0.0202,2.87E-05,0.00E+00,nan,5,5.00E-03,nan,nan,nan,nan,31:02.6
0.0201,2.86E-05,0.00E+00,nan,5,5.00E-03,nan,nan,nan,nan,31:02.7
0.02,2.85E-05,0.00E+00,nan,5,5.00E-03,nan,nan,nan,nan,31:02.8
0.0197,2.84E-05,0.00E+00,nan,5,5.00E-03,nan,nan,nan,nan,31:02.9
0.0193,2.83E-05,0.00E+00,nan,5,5.00E-03,nan,nan,nan,nan,31:03.0
0.0192,2.82E-05,0.00E+00,nan,5,5.00E-03,nan,nan,nan,nan,31:03.1
0.0191,2.81E-05,0.00E+00,nan,5,5.00E-03,nan,nan,nan,nan,31:03.2
0.019,2.80E-05,0.00E+00,nan,5,5.00E-03,nan,nan,nan,nan,31:03.3
0.0191,2.79E-05,0.00E+00,nan,5,5.00E-03,nan,nan,nan,nan,31:03.4
0.0192,2.78E-05,0.00E+00,nan,5,5.00E-03,nan,nan,nan,nan,31:03.5
0.0192,2.77E-05,0.00E+00,nan,5,5.00E-03,nan,nan,nan,nan,31:03.6
0.0193,2.76E-05,0.00E+00,nan,5,5.00E-03,nan,nan,nan,nan,31:03.7
0.0193,2.76E-05,0.00E+00,nan,5,5.00E-03,nan,nan,nan,nan,31:03.8
0.0193,2.76E-05,0.00E+00,nan,5,5.00E-03,nan,nan,nan,nan,31:03.9
0.0192,2.76E-05,0.00E+00,nan,5,5.00E-03,nan,nan,nan,nan,31:04.0
0.0191,2.75E-05,0.00E+00,nan,5,5.00E-03,nan,nan,nan,nan,31:04.1
0.0192,2.75E-05,0.00E+00,nan,5,5.00E-03,nan,nan,nan,nan,31:04.2
0.0195,2.76E-05,0.00E+00,nan,5,5.00E-03,nan,nan,nan,nan,31:04.3
0.0196,2.75E-05,0.00E+00,nan,5,5.00E-03,nan,nan,nan,nan,31:04.4
0.0191,2.74E-05,0.00E+00,nan,5,5.00E-03,nan,nan,nan,nan,31:04.5
0.0187,2.73E-05,0.00E+00,nan,5,5.00E-03,nan,nan,nan,nan,31:04.6
0.0188,2.72E-05,0.00E+00,nan,5,5.00E-03,nan,nan,nan,nan,31:04.7
0.0191,2.72E-05,0.00E+00,nan,5,5.00E-03,nan,nan,nan,nan,31:04.8
0.0192,2.73E-05,0.00E+00,nan,5,5.00E-03,nan,nan,nan,nan,31:04.9
0.0191,2.73E-05,0.00E+00,nan,5,5.00E-03,nan,nan,nan,nan,31:05.0
0.0185,2.71E-05,0.00E+00,nan,5,5.00E-03,nan,nan,nan,nan,31:05.1
0.0182,2.70E-05,0.00E+00,nan,5,5.00E-03,nan,nan,nan,nan,31:05.2
0.0184,2.70E-05,0.00E+00,nan,5,5.00E-03,nan,nan,nan,nan,31:05.3
0.0185,2.70E-05,0.00E+00,nan,5,5.00E-03,nan,nan,nan,nan,31:05.4
0.0185,2.69E-05,0.00E+00,nan,5,5.00E-03,nan,nan,nan,nan,31:05.5
0.0185,2.69E-05,0.00E+00,nan,5,5.00E-03,nan,nan,nan,nan,31:05.6
0.0187,2.69E-05,0.00E+00,nan,5,5.00E-03,nan,nan,nan,nan,31:05.7
0.019,2.69E-05,0.00E+00,nan,5,5.00E-03,nan,nan,nan,nan,31:05.8
0.0191,2.68E-05,0.00E+00,nan,5,5.00E-03,nan,nan,nan,nan,31:05.9
0.0192,2.67E-05,0.00E+00,nan,5,5.00E-03,nan,nan,nan,nan,31:06.0
0.0193,2.67E-05,0.00E+00,nan,5,5.00E-03,nan,nan,nan,nan,31:06.1
0.0195,2.67E-05,0.00E+00,nan,5,5.00E-03,nan,nan,nan,nan,31:06.2
0.0192,2.64E-05,0.00E+00,nan,5,5.00E-03,nan,nan,nan,nan,31:07.0
0.0189,2.63E-05,0.00E+00,nan,5,5.00E-03,nan,nan,nan,nan,31:07.1
0.019,2.63E-05,0.00E+00,nan,5,5.00E-03,nan,nan,nan,nan,31:07.2
0.0192,2.63E-05,0.00E+00,nan,5,5.00E-03,nan,nan,nan,nan,31:07.3
0.0195,2.64E-05,0.00E+00,nan,5,5.00E-03,nan,nan,nan,nan,31:07.4
0.0196,2.63E-05,0.00E+00,nan,5,5.00E-03,nan,nan,nan,nan,31:07.5
0.0192,2.63E-05,0.00E+00,nan,5,5.00E-03,nan,nan,nan,nan,31:07.6
0.0193,2.63E-05,0.00E+00,nan,5,5.00E-03,nan,nan,nan,nan,31:07.7
0.0191,2.62E-05,0.00E+00,nan,5,5.00E-03,nan,nan,nan,nan,31:07.8
0.019,2.61E-05,0.00E+00,nan,5,5.00E-03,nan,nan,nan,nan,31:07.9
0.0189,2.61E-05,0.00E+00,nan,5,5.00E-03,nan,nan,nan,nan,31:08.0
0.0191,2.61E-05,0.00E+00,nan,5,5.00E-03,nan,nan,nan,nan,31:08.1
0.0192,2.61E-05,0.00E+00,nan,5,5.00E-03,nan,nan,nan,nan,31:08.2
0.0191,2.61E-05,0.00E+00,nan,5,5.00E-03,nan,nan,nan,nan,31:08.3
0.0189,2.60E-05,0.00E+00,nan,5,5.00E-03,nan,nan,nan,nan,31:08.4
0.0189,2.60E-05,0.00E+00,nan,5,5.00E-03,nan,nan,nan,nan,31:08.5
0.0189,2.59E-05,0.00E+00,nan,5,5.00E-03,nan,nan,nan,nan,31:08.6
0.0189,2.59E-05,0.00E+00,nan,5,5.00E-03,nan,nan,nan,nan,31:08.7
0.019,2.59E-05,0.00E+00,nan,5,5.00E-03,nan,nan,nan,nan,31:08.8
0.019,2.58E-05,0.00E+00,nan,5,5.00E-03,nan,nan,nan,nan,31:08.9
0.0189,2.58E-05,0.00E+00,nan,5,5.00E-03,nan,nan,nan,nan,31:09.0
0.0189,2.58E-05,0.00E+00,nan,5,5.00E-03,nan,nan,nan,nan,31:09.1
0.0189,2.57E-05,0.00E+00,nan,5,5.00E-03,nan,nan,nan,nan,31:09.2
0.019,2.57E-05,0.00E+00,nan,5,5.00E-03,nan,nan,nan,nan,31:09.3
0.0192,2.57E-05,0.00E+00,nan,5,5.00E-03,nan,nan,nan,nan,31:09.4
0.0194,2.58E-05,0.00E+00,nan,5,5.00E-03,nan,nan,nan,nan,31:09.5
0.0196,2.58E-05,0.00E+00,nan,5,5.00E-03,nan,nan,nan,nan,31:09.6
0.0195,2.58E-05,0.00E+00,nan,5,5.00E-03,nan,nan,nan,nan,31:09.7
0.0194,2.58E-05,0.00E+00,nan,5,5.00E-03,nan,nan,nan,nan,31:09.8
0.0193,2.57E-05,0.00E+00,nan,5,5.00E-03,nan,nan,nan,nan,31:09.9
0.0197,2.58E-05,0.00E+00,nan,5,5.00E-03,nan,nan,nan,nan,31:10.0
0.0201,2.58E-05,0.00E+00,nan,5,5.00E-03,nan,nan,nan,nan,31:10.1
0.0202,2.57E-05,0.00E+00,nan,5,5.00E-03,nan,nan,nan,nan,31:10.2
0.0201,2.57E-05,0.00E+00,nan,5,5.00E-03,nan,nan,nan,nan,31:10.3
0.02,2.57E-05,0.00E+00,nan,5,5.00E-03,nan,nan,nan,nan,31:10.4
0.0197,2.57E-05,0.00E+00,nan,5,5.00E-03,nan,nan,nan,nan,31:10.5
0.0194,2.57E-05,0.00E+00,nan,5,5.00E-03,nan,nan,nan,nan,31:10.6
0.019,2.57E-05,0.00E+00,nan,5,5.00E-03,nan,nan,nan,nan,31:10.7
0.0187,2.56E-05,0.00E+00,nan,5,5.00E-03,nan,nan,nan,nan,31:10.8
0.0185,2.56E-05,0.00E+00,nan,5,5.00E-03,nan,nan,nan,nan,31:10.9
0.0188,2.56E-05,0.00E+00,nan,5,5.00E-03,nan,nan,nan,nan,31:11.0
0.0191,2.56E-05,0.00E+00,nan,5,5.00E-03,nan,nan,nan,nan,31:11.1
0.0191,2.56E-05,0.00E+00,nan,5,5.00E-03,nan,nan,nan,nan,31:11.2
0.0189,2.56E-05,0.00E+00,nan,5,5.00E-03,nan,nan,nan,nan,31:11.3
0.0187,2.55E-05,0.00E+00,nan,5,5.00E-03,nan,nan,nan,nan,31:11.4
0.019,2.56E-05,0.00E+00,nan,5,5.00E-03,nan,nan,nan,nan,31:11.6
0.0192,2.56E-05,0.00E+00,nan,5,5.00E-03,nan,nan,nan,nan,31:11.7
0.0191,2.55E-05,0.00E+00,nan,5,5.00E-03,nan,nan,nan,nan,31:11.8
0.0193,2.55E-05,0.00E+00,nan,5,5.00E-03,nan,nan,nan,nan,31:11.9
0.0195,2.55E-05,0.00E+00,nan,5,5.00E-03,nan,nan,nan,nan,31:12.0
0.02,2.55E-05,0.00E+00,nan,5,5.00E-03,nan,nan,nan,nan,31:12.1
0.0205,2.56E-05,0.00E+00,nan,5,5.00E-03,nan,nan,nan,nan,31:12.2
0.0208,2.55E-05,0.00E+00,nan,5,5.00E-03,nan,nan,nan,nan,31:12.3
0.0208,2.55E-05,0.00E+00,nan,5,5.00E-03,nan,nan,nan,nan,31:12.4
0.0205,2.55E-05,0.00E+00,nan,5,5.00E-03,nan,nan,nan,nan,31:12.5
0.0202,2.55E-05,0.00E+00,nan,5,5.00E-03,nan,nan,nan,nan,31:12.6
0.0201,2.55E-05,0.00E+00,nan,5,5.00E-03,nan,nan,nan,nan,31:12.7
0.0199,2.55E-05,0.00E+00,nan,5,5.00E-03,nan,nan,nan,nan,31:12.8
0.0196,2.55E-05,0.00E+00,nan,5,5.00E-03,nan,nan,nan,nan,31:12.9
0.0189,2.55E-05,0.00E+00,nan,5,5.00E-03,nan,nan,nan,nan,31:13.0
0.0184,2.54E-05,0.00E+00,nan,5,5.00E-03,nan,nan,nan,nan,31:13.1
0.0198,2.56E-05,0.00E+00,nan,5,5.00E-03,nan,nan,nan,nan,31:13.2
0.0193,2.55E-05,0.00E+00,nan,5,5.00E-03,nan,nan,nan,nan,31:13.3
0.0202,2.56E-05,0.00E+00,nan,5,5.00E-03,nan,nan,nan,nan,31:13.4
0.0206,2.56E-05,0.00E+00,nan,5,5.00E-03,nan,nan,nan,nan,31:13.5
0.0207,2.55E-05,0.00E+00,nan,5,5.00E-03,nan,nan,nan,nan,31:13.6
0.0205,2.55E-05,0.00E+00,nan,5,5.00E-03,nan,nan,nan,nan,31:13.7
0.0206,2.54E-05,0.00E+00,nan,5,5.00E-03,nan,nan,nan,nan,31:13.8
0.0207,2.55E-05,0.00E+00,nan,5,5.00E-03,nan,nan,nan,nan,31:13.9
0.0207,2.55E-05,0.00E+00,nan,5,5.00E-03,nan,nan,nan,nan,31:14.0
0.0204,2.55E-05,0.00E+00,nan,5,5.00E-03,nan,nan,nan,nan,31:14.1
0.02,2.54E-05,0.00E+00,nan,5,5.00E-03,nan,nan,nan,nan,31:14.2
0.0198,2.53E-05,0.00E+00,nan,5,5.00E-03,nan,nan,nan,nan,31:14.3
0.0199,2.53E-05,0.00E+00,nan,5,5.00E-03,nan,nan,nan,nan,31:14.4
0.0195,2.53E-05,0.00E+00,nan,5,5.00E-03,nan,nan,nan,nan,31:14.5
0.0201,2.53E-05,0.00E+00,nan,5,5.00E-03,nan,nan,nan,nan,31:14.6
0.0206,2.53E-05,0.00E+00,nan,5,5.00E-03,nan,nan,nan,nan,31:14.7
0.0207,2.52E-05,0.00E+00,nan,5,5.00E-03,nan,nan,nan,nan,31:14.8
0.0207,2.52E-05,0.00E+00,nan,5,5.00E-03,nan,nan,nan,nan,31:14.9
0.0206,2.52E-05,0.00E+00,nan,5,5.00E-03,nan,nan,nan,nan,31:15.0
0.0204,2.44E-05,0.00E+00,nan,5,5.00E-03,nan,nan,nan,nan,31:15.1
0.0225,2.47E-05,0.00E+00,nan,5,5.00E-03,nan,nan,nan,nan,31:15.2
0.0126,2.46E-05,0.00E+00,nan,5,5.00E-03,nan,nan,nan,nan,31:15.3
0.0125,2.47E-05,0.00E+00,nan,5,5.00E-03,nan,nan,nan,nan,31:15.4
0.0125,2.47E-05,0.00E+00,nan,5,5.00E-03,nan,nan,nan,nan,31:15.5
0.0124,2.48E-05,0.00E+00,nan,5,5.00E-03,nan,nan,nan,nan,31:15.6
0.0125,2.48E-05,0.00E+00,nan,5,5.00E-03,nan,nan,nan,nan,31:15.7
0.012,2.48E-05,0.00E+00,nan,5,5.00E-03,nan,nan,nan,nan,31:15.8
inf,inf,inf,nan,5,5.00E-03,inf,inf,inf,nan,31:15.9
nan,nan,nan,nan,30,2.00E-02,nan,nan,nan,nan,31:16.0
nan,nan,nan,nan,30,2.00E-02,nan,nan,nan,nan,31:16.1
nan,nan,nan,nan,30,2.00E-02,nan,nan,nan,nan,31:16.2
nan,nan,nan,49.193,30,2.00E-02,nan,nan,nan,1605.81,31:16.3
nan,nan,nan,nan,30,1.00E-01,nan,nan,nan,nan,31:16.4
nan,nan,nan,nan,30,1.00E-01,nan,nan,nan,nan,31:16.5
nan,nan,nan,nan,30,1.00E-01,nan,nan,nan,nan,31:16.6
1.206,3.54E-01,-0.0526,49.193,30,1.00E-01,0.4264,0.4232,0.123,1605.81,31:16.7
nan,nan,nan,nan,30,2.00E-01,nan,nan,nan,nan,31:16.8
nan,nan,nan,nan,5,2.00E-01,nan,nan,nan,nan,31:16.9
nan,nan,nan,nan,5,2.00E-01,nan,nan,nan,nan,31:17.0
nan,nan,nan,nan,5,2.00E-01,nan,nan,nan,nan,31:17.1
nan,nan,nan,nan,5,2.00E-01,nan,nan,nan,nan,31:17.2
nan,nan,nan,nan,5,5.00E-01,nan,nan,nan,nan,31:17.3
nan,nan,nan,nan,5,5.00E-01,nan,nan,nan,nan,31:17.4
nan,nan,nan,nan,5,5.00E-01,nan,nan,nan,nan,31:17.5
3.4068,inf,inf,nan,5,5.00E-01,inf,inf,inf,nan,31:17.6
nan,nan,nan,nan,5,2,nan,nan,nan,nan,31:17.7
nan,nan,nan,nan,5,2,nan,nan,nan,nan,31:17.8
nan,nan,nan,nan,5,2,nan,nan,nan,nan,31:17.9
5.3036,1.7652,-0.692,nan,5,2,nan,nan,nan,nan,31:18.0
nan,nan,nan,nan,5,2,nan,nan,nan,nan,31:18.1
nan,nan,nan,nan,15,5,nan,nan,nan,nan,31:18.2
nan,nan,nan,nan,15,5,nan,nan,nan,nan,31:18.3
nan,nan,nan,nan,15,5,nan,nan,nan,nan,31:18.4
9.928,3.3139,-2.401,49.873,15,5,32.899,32.812,0.073,1.45,31:18.5
9.923,3.3146,-2.407,49.866,15,5,32.89,32.801,0.073,1.39,31:18.6
9.832,3.3489,-2.902,49.858,15,5,32.926,32.798,0.088,1.39,31:18.7
9.926,3.3142,-2.405,49.852,15,5,32.896,32.808,0.073,1.33,31:18.8
9.931,3.3161,-2.413,49.849,15,5,32.931,32.843,0.073,1.4,31:18.9
9.923,3.3133,-2.398,49.845,15,5,32.879,32.791,0.073,1.4,31:19.0
9.921,3.3128,-2.404,49.841,15,5,32.868,32.78,0.073,1.44,31:19.1
9.917,3.3105,-2.395,49.821,15,5,32.83,32.742,0.073,1.52,31:19.2
9.973,3.3328,-2.452,49.824,15,5,33.238,33.147,0.074,1.68,31:19.3
11.186,3.7319,-3.309,49.829,15,5,41.745,41.614,0.079,1.54,31:19.4
11.889,3.9678,-3.454,49.836,15,5,47.175,47.048,0.073,1.56,31:19.5
12.572,4.2034,-4.145,49.837,15,5,52.846,52.683,0.078,1.43,31:19.6
12.794,4.2662,-4.024,49.824,15,5,54.583,54.434,0.074,1.58,31:19.7
13.534,4.5178,-4.46,49.828,15,5,61.144,60.981,0.073,1.48,31:19.8
13.498,4.5043,-4.401,49.829,15,5,60.8,60.641,0.072,1.54,31:19.9
14.08,4.7024,-5.213,49.831,15,5,66.209,66.003,0.079,1.53,31:20.0
14.407,4.8033,-5.217,49.834,15,5,69.203,69.006,0.075,1.77,31:20.1
15.278,5.0981,-5.905,49.842,15,5,77.888,77.664,0.076,1.54,31:20.2
15.935,5.321,-6.275,49.842,15,5,84.788,84.556,0.074,1.49,31:20.3
16.689,5.5678,-7.756,49.835,15,5,92.921,92.596,0.083,1.65,31:20.4
17.557,5.8645,-7.259,49.833,15,5,102.961,102.705,0.071,1.41,31:20.5
18.21,6.081,-8.246,49.833,15,5,110.736,110.429,0.074,1.57,31:20.6
nan,nan,nan,nan,30,10,nan,nan,nan,nan,31:20.7
nan,nan,nan,nan,30,10,nan,nan,nan,nan,31:20.8
nan,nan,nan,nan,30,10,nan,nan,nan,nan,31:20.9
20.124,6.693,-11.48,49.848,30,10,134.69,134.2,0.085,1.37,31:21.0
20.728,6.92,-10.51,49.848,30,10,143.43,143.05,0.073,1.42,31:21.1
21.299,7.118,-11.94,49.836,30,10,151.62,151.14,0.079,1.49,31:21.2
21.519,7.183,-11.24,49.834,30,10,154.57,154.16,0.073,1.37,31:21.3
22.296,7.444,-12.12,49.835,30,10,165.96,165.52,0.073,1.5,31:21.4
22.294,7.441,-12.07,49.831,30,10,165.88,165.44,0.073,1.56,31:21.5
22.733,7.587,-13.1,49.828,30,10,172.49,171.99,0.076,1.63,31:21.6
23.176,7.735,-13.51,49.826,30,10,179.28,178.77,0.075,1.64,31:21.7
24.121,8.053,-14.64,49.817,30,10,194.25,193.7,0.075,1.46,31:21.8
24.591,8.209,-14.82,49.814,30,10,201.87,201.33,0.073,1.43,31:21.9
24.601,8.209,-14.89,49.811,30,10,201.96,201.41,0.074,1.41,31:22.0
25.123,8.389,-15.77,49.809,30,10,210.76,210.17,0.075,1.5,31:22.1
25.346,8.46,-15.64,49.808,30,10,214.42,213.84,0.073,1.5,31:22.2
25.979,8.673,-17.05,49.805,30,10,225.32,224.68,0.076,1.47,31:22.3
26.109,8.718,-16.68,49.808,30,10,227.61,227,0.073,1.45,31:22.4
26.425,8.82,-17.52,49.81,30,10,233.06,232.4,0.075,1.45,31:22.5
27.185,9.073,-18.56,49.814,30,10,246.64,245.94,0.075,1.36,31:22.6
27.548,9.197,-18.55,49.814,30,10,253.37,252.69,0.073,1.39,31:22.7
27.822,9.289,-19.49,49.825,30,10,258.45,257.71,0.075,1.41,31:22.8
28.48,9.51,-20.28,49.827,30,10,270.85,270.09,0.075,1.45,31:22.9
29.075,9.707,-20.85,49.824,30,10,282.24,281.47,0.074,1.5,31:23.0
29.105,9.719,-20.7,49.824,30,10,282.87,282.11,0.073,1.45,31:23.1
29.23,9.759,-21.48,49.821,30,10,285.26,284.45,0.075,1.47,31:23.2
29.888,9.981,-21.91,49.821,30,10,298.3,297.49,0.073,1.46,31:23.3
29.869,9.972,-21.76,49.818,30,10,297.86,297.06,0.073,1.45,31:23.4
30.157,10.072,-22.74,49.819,30,10,303.74,302.89,0.075,1.39,31:23.5
30.605,10.219,-23.15,49.817,30,10,312.75,311.9,0.074,1.46,31:23.6
30.589,10.214,-22.91,49.818,30,10,312.44,311.6,0.073,1.53,31:23.7
30.813,10.29,-23.69,49.816,30,10,317.06,316.17,0.075,1.5,31:23.8
31.338,10.466,-24.04,49.817,30,10,327.97,327.09,0.073,1.43,31:23.9
31.341,10.467,-24.07,49.816,30,10,328.05,327.16,0.073,1.41,31:24.0
31.347,10.468,-24.04,49.812,30,10,328.12,327.24,0.073,1.35,31:24.1
30.9,10.322,-22.74,49.823,30,10,318.96,318.15,0.071,1.47,31:24.2
29.775,9.945,-21.23,49.825,30,10,296.12,295.35,0.072,1.43,31:24.3
28.861,9.636,-19.76,49.831,30,10,278.09,277.39,0.071,1.56,31:24.4
27.331,9.131,-17.24,49.827,30,10,249.55,248.95,0.069,1.7,31:24.5
25.956,8.668,-15.24,49.813,30,10,224.98,224.46,0.068,1.42,31:24.6
23.119,7.718,-12.53,49.81,30,10,178.42,177.98,0.07,1.65,31:24.7
22.148,7.401,-11.12,49.819,30,10,163.92,163.55,0.068,1.48,31:24.8
21.485,7.169,-11.28,49.801,30,10,154.03,153.62,0.073,1.45,31:24.9
20.504,6.854,-9.41,49.802,30,10,140.54,140.22,0.067,1.79,31:25.0
18.934,6.328,-8.37,49.812,30,10,119.82,119.53,0.07,1.97,31:25.1
17.94,5.99,-7.36,49.785,30,10,107.46,107.21,0.069,1.81,31:25.2
16.444,5.492,-5.76,49.756,30,10,90.32,90.13,0.064,1.97,31:25.3
14.748,4.936,-4.4,49.766,30,10,72.8,72.67,0.06,1.97,31:25.4
10.85,3.624,-2.47,49.741,30,10,39.32,39.25,0.063,2.37,31:25.5
9.713,3.244,-2.16,49.731,30,10,31.51,31.44,0.069,1.44,31:25.6
8.47,2.833,-1.47,49.705,30,10,23.99,23.95,0.061,3.07,31:25.7
7.04,2.363,-0.81,50.304,30,10,16.64,16.62,0.049,3.56,31:25.8
4.394,1.473,-0.27,50.795,30,10,6.47,6.47,0.041,3.42,31:25.9
3.133,1.048,-0.19,49.787,30,10,3.29,3.28,0.056,4.67,31:26.0
2.081,0.694,-0.03,50.193,30,10,1.44,1.44,0.019,11.04,31:26.1
2.081,0.694,-0.03,50.08,30,10,1.44,1.44,0.019,30.46,31:26.2
nan,nan,nan,nan,5,1,nan,nan,nan,nan,31:26.3
nan,nan,nan,nan,5,1,nan,nan,nan,nan,31:26.4
nan,nan,nan,nan,5,1,nan,nan,nan,nan,31:26.5
0.5891,0.1989,-0.009,49.718,5,1,0.1172,0.1168,0.077,4.78,31:26.6
0.594,0.1998,-0.009,49.722,5,1,0.1187,0.1184,0.076,4.08,31:26.7
0.594,0.2,-0.009,49.732,5,1,0.1188,0.1185,0.076,4.43,31:26.8
0.5877,0.1981,-0.0087,49.732,5,1,0.1164,0.1161,0.075,4.45,31:26.9
0.5668,0.1907,-0.0077,49.761,5,1,0.1081,0.1078,0.071,362.27,31:27.0
0.5655,0.1906,-0.0083,49.796,5,1,0.1078,0.1075,0.077,3.97,31:27.1
0.5618,0.1892,-0.0081,2.12E+04,5,1,0.1063,0.106,0.076,nan,31:27.2
nan,nan,nan,nan,5,5.00E-01,nan,nan,nan,nan,31:27.3
nan,nan,nan,nan,5,5.00E-01,nan,nan,nan,nan,31:27.4
nan,nan,nan,nan,30,5.00E-01,nan,nan,nan,nan,31:27.5
nan,nan,nan,nan,30,5.00E-01,nan,nan,nan,nan,31:27.6
nan,nan,nan,nan,30,5.00E-01,nan,nan,nan,nan,31:27.7
6.334,3.06E-01,-0.111,9.77E+03,30,5.00E-01,1.937,1.934,0.057,nan,31:27.8
6.334,3.06E-01,-0.111,9.77E+03,30,5.00E-01,1.937,1.934,0.057,nan,31:27.9
6.334,3.06E-01,-0.111,9.77E+03,30,5.00E-01,1.937,1.934,0.057,nan,31:28.0
6.334,3.06E-01,-0.111,9.77E+03,30,5.00E-01,1.937,1.934,0.057,nan,31:28.1
6.334,3.06E-01,-0.111,9.77E+03,30,5.00E-01,1.937,1.934,0.057,nan,31:28.2
6.334,3.06E-01,-0.111,9.77E+03,30,5.00E-01,1.937,1.934,0.057,nan,31:28.3
nan,nan,nan,nan,15,5.00E-01,nan,nan,nan,nan,31:28.4
nan,nan,nan,nan,15,5.00E-01,nan,nan,nan,nan,31:28.5
nan,nan,nan,nan,15,5.00E-01,nan,nan,nan,nan,31:28.6
0.067,2.38E-03,0,9.77E+03,15,5.00E-01,0.0002,0.0002,0.001,nan,31:28.7
0.067,2.38E-03,0,9.77E+03,15,5.00E-01,0.0002,0.0002,0.001,nan,31:28.8
0.067,2.38E-03,0,9.77E+03,15,5.00E-01,0.0002,0.0002,0.001,nan,31:28.9
0.067,2.38E-03,0,9.77E+03,15,5.00E-01,0.0002,0.0002,0.001,nan,31:29.0
nan,nan,nan,nan,15,5.00E-01,nan,nan,nan,nan,31:29.1
nan,nan,nan,nan,15,5.00E-01,nan,nan,nan,nan,31:29.2
nan,nan,nan,nan,15,5.00E-01,nan,nan,nan,nan,31:29.3
nan,nan,nan,nan,5,5.00E-01,nan,nan,nan,nan,31:29.4
nan,nan,nan,nan,5,5.00E-03,nan,nan,nan,nan,31:29.5
nan,nan,nan,nan,5,5.00E-03,nan,nan,nan,nan,31:29.6
nan,nan,nan,nan,5,5.00E-03,nan,nan,nan,nan,31:29.7
0.0185,2.41E-05,0.00E+00,nan,5,5.00E-03,nan,nan,nan,nan,31:29.8
0.0183,2.41E-05,0.00E+00,nan,5,5.00E-03,nan,nan,nan,nan,31:29.9
0.018,2.40E-05,0.00E+00,nan,5,5.00E-03,nan,nan,nan,nan,31:30.0
0.0179,2.40E-05,0.00E+00,nan,5,5.00E-03,nan,nan,nan,nan,31:30.1
0.0179,2.40E-05,0.00E+00,nan,5,5.00E-03,nan,nan,nan,nan,31:30.2
0.0182,2.40E-05,0.00E+00,nan,5,5.00E-03,nan,nan,nan,nan,31:30.3
0.0189,2.41E-05,0.00E+00,nan,5,5.00E-03,nan,nan,nan,nan,31:30.4
0.0191,2.40E-05,0.00E+00,nan,5,5.00E-03,nan,nan,nan,nan,31:30.5
0.0189,2.40E-05,0.00E+00,nan,5,5.00E-03,nan,nan,nan,nan,31:30.6
0.0186,2.39E-05,0.00E+00,nan,5,5.00E-03,nan,nan,nan,nan,31:30.7
0.0183,2.38E-05,0.00E+00,nan,5,5.00E-03,nan,nan,nan,nan,31:30.8
0.0182,2.38E-05,0.00E+00,nan,5,5.00E-03,nan,nan,nan,nan,31:30.9
0.0183,2.39E-05,0.00E+00,nan,5,5.00E-03,nan,nan,nan,nan,31:31.0
0.0185,2.39E-05,0.00E+00,nan,5,5.00E-03,nan,nan,nan,nan,31:31.1
0.0184,2.40E-05,0.00E+00,nan,5,5.00E-03,nan,nan,nan,nan,31:31.2
0.0181,2.39E-05,0.00E+00,nan,5,5.00E-03,nan,nan,nan,nan,31:31.3
0.0177,2.40E-05,0.00E+00,nan,5,5.00E-03,nan,nan,nan,nan,31:31.4
0.0176,2.40E-05,0.00E+00,nan,5,5.00E-03,nan,nan,nan,nan,31:31.5
0.0182,2.40E-05,0.00E+00,nan,5,5.00E-03,nan,nan,nan,nan,31:31.6
0.0188,2.41E-05,0.00E+00,nan,5,5.00E-03,nan,nan,nan,nan,31:31.7
0.0193,2.41E-05,0.00E+00,nan,5,5.00E-03,nan,nan,nan,nan,31:31.8
0.0193,2.41E-05,0.00E+00,nan,5,5.00E-03,nan,nan,nan,nan,31:31.9
0.0193,2.41E-05,0.00E+00,nan,5,5.00E-03,nan,nan,nan,nan,31:32.0
0.0193,2.40E-05,0.00E+00,nan,5,5.00E-03,nan,nan,nan,nan,31:32.1
0.0194,2.41E-05,0.00E+00,nan,5,5.00E-03,nan,nan,nan,nan,31:32.2
0.0195,2.41E-05,0.00E+00,nan,5,5.00E-03,nan,nan,nan,nan,31:32.3
0.0194,2.41E-05,0.00E+00,nan,5,5.00E-03,nan,nan,nan,nan,31:32.4
0.0193,2.41E-05,0.00E+00,nan,5,5.00E-03,nan,nan,nan,nan,31:32.5
0.019,2.40E-05,0.00E+00,nan,5,5.00E-03,nan,nan,nan,nan,31:32.6
0.0189,2.36E-05,0.00E+00,nan,5,5.00E-03,nan,nan,nan,nan,31:32.7
0.0189,2.35E-05,0.00E+00,nan,5,5.00E-03,nan,nan,nan,nan,31:32.8
0.0189,2.38E-05,0.00E+00,nan,5,5.00E-03,nan,nan,nan,nan,31:32.9
0.0188,2.39E-05,0.00E+00,nan,5,5.00E-03,nan,nan,nan,nan,31:33.0
0.0188,2.39E-05,0.00E+00,nan,5,5.00E-03,nan,nan,nan,nan,31:33.1
0.0188,2.41E-05,0.00E+00,nan,5,5.00E-03,nan,nan,nan,nan,31:33.2
0.0187,2.41E-05,0.00E+00,nan,5,5.00E-03,nan,nan,nan,nan,31:33.3
0.0188,2.41E-05,0.00E+00,nan,5,5.00E-03,nan,nan,nan,nan,31:33.4
0.0186,2.42E-05,0.00E+00,nan,5,5.00E-03,nan,nan,nan,nan,31:33.5
0.0183,2.41E-05,0.00E+00,nan,5,5.00E-03,nan,nan,nan,nan,31:33.6
0.0183,2.41E-05,0.00E+00,nan,5,5.00E-03,nan,nan,nan,nan,31:33.7
0.0183,2.42E-05,0.00E+00,nan,5,5.00E-03,nan,nan,nan,nan,31:33.8
0.019,2.43E-05,0.00E+00,nan,5,5.00E-03,nan,nan,nan,nan,31:33.9
0.0194,2.44E-05,0.00E+00,nan,5,5.00E-03,nan,nan,nan,nan,31:34.0
0.0192,2.44E-05,0.00E+00,nan,5,5.00E-03,nan,nan,nan,nan,31:34.1
0.0191,2.44E-05,0.00E+00,nan,5,5.00E-03,nan,nan,nan,nan,31:34.2
0.0189,2.43E-05,0.00E+00,nan,5,5.00E-03,nan,nan,nan,nan,31:34.3
0.0188,2.43E-05,0.00E+00,nan,5,5.00E-03,nan,nan,nan,nan,31:34.4
0.0192,2.43E-05,0.00E+00,nan,5,5.00E-03,nan,nan,nan,nan,31:34.5
0.0194,2.44E-05,0.00E+00,nan,5,5.00E-03,nan,nan,nan,nan,31:34.6
0.0194,2.44E-05,0.00E+00,nan,5,5.00E-03,nan,nan,nan,nan,31:34.7
0.0197,2.44E-05,0.00E+00,nan,5,5.00E-03,nan,nan,nan,nan,31:34.8
0.0199,2.44E-05,0.00E+00,nan,5,5.00E-03,nan,nan,nan,nan,31:34.9
0.0202,2.45E-05,0.00E+00,nan,5,5.00E-03,nan,nan,nan,nan,31:35.0
0.0202,2.45E-05,0.00E+00,nan,5,5.00E-03,nan,nan,nan,nan,31:35.1
0.0202,2.45E-05,0.00E+00,nan,5,5.00E-03,nan,nan,nan,nan,31:35.2
0.0201,2.45E-05,0.00E+00,nan,5,5.00E-03,nan,nan,nan,nan,31:35.3
0.0197,2.44E-05,0.00E+00,nan,5,5.00E-03,nan,nan,nan,nan,31:35.4
0.0193,2.43E-05,0.00E+00,nan,5,5.00E-03,nan,nan,nan,nan,31:35.5
0.0191,2.43E-05,0.00E+00,nan,5,5.00E-03,nan,nan,nan,nan,31:35.6
0.0191,2.42E-05,0.00E+00,nan,5,5.00E-03,nan,nan,nan,nan,31:35.7
0.0191,2.42E-05,0.00E+00,nan,5,5.00E-03,nan,nan,nan,nan,31:35.8
0.019,2.42E-05,0.00E+00,nan,5,5.00E-03,nan,nan,nan,nan,31:35.9
0.0189,2.42E-05,0.00E+00,nan,5,5.00E-03,nan,nan,nan,nan,31:36.0
0.019,2.43E-05,0.00E+00,nan,5,5.00E-03,nan,nan,nan,nan,31:36.1
0.0194,2.44E-05,0.00E+00,nan,5,5.00E-03,nan,nan,nan,nan,31:36.2
0.0195,2.45E-05,0.00E+00,nan,5,5.00E-03,nan,nan,nan,nan,31:36.3
0.0195,2.44E-05,0.00E+00,nan,5,5.00E-03,nan,nan,nan,nan,31:36.4
0.0195,2.44E-05,0.00E+00,nan,5,5.00E-03,nan,nan,nan,nan,31:36.5
0.0194,2.44E-05,0.00E+00,nan,5,5.00E-03,nan,nan,nan,nan,31:36.6
0.0196,2.44E-05,0.00E+00,nan,5,5.00E-03,nan,nan,nan,nan,31:36.7
0.0198,2.44E-05,0.00E+00,nan,5,5.00E-03,nan,nan,nan,nan,31:36.8
0.0199,2.45E-05,0.00E+00,nan,5,5.00E-03,nan,nan,nan,nan,31:36.9
